filename,width,height,class,xmin,ymin,xmax,ymax
IMG_20181030_214247.resized.jpg,200,150,gawang,96,62,131,88
IMG_20181030_214851.resized.jpg,200,150,gawang,38,27,110,73
IMG_20181030_193055.resized.jpg,200,150,gawang,11,31,141,105
IMG_20181030_214245.resized.jpg,200,150,gawang,98,57,135,85
IMG_20181030_213749.resized.jpg,200,150,gawang,1,4,171,107
IMG_20180927_220543.resized.jpg,200,150,gawang,68,23,157,79
IMG_20181030_213745.resized.jpg,200,150,gawang,1,3,129,98
IMG_20181030_193400.resized.jpg,200,150,gawang,9,33,69,65
IMG_20181030_194023.resized.jpg,200,150,gawang,106,47,149,71
IMG_20181030_214549.resized.jpg,200,150,gawang,68,34,181,95
IMG_20181030_214859.resized.jpg,200,150,gawang,4,1,94,55
IMG_20181030_193223.resized.jpg,200,150,gawang,1,17,82,70
IMG_20180927_221009.resized.jpg,200,150,gawang,43,44,82,67
IMG_20180927_220722.resized.jpg,200,150,gawang,61,20,165,148
IMG_20181030_215045.resized.jpg,200,150,gawang,27,22,95,64
IMG_20181030_214330.resized.jpg,200,150,gawang,121,53,165,81
IMG_20180927_221027.resized.jpg,200,150,gawang,91,46,127,66
IMG_20181030_193110.resized.jpg,200,150,gawang,99,18,194,81
IMG_20181030_215456.resized.jpg,200,150,gawang,74,46,128,87
IMG_20181030_215346.resized.jpg,200,150,gawang,84,9,199,108
IMG_20181030_214320.resized.jpg,200,150,gawang,83,71,127,95
IMG_20181030_194936.resized.jpg,200,150,gawang,99,62,122,75
IMG_20180927_221557.resized.jpg,200,150,gawang,78,7,172,122
IMG_20180927_220547.resized.jpg,200,150,gawang,76,34,163,83
IMG_20181030_193230.resized.jpg,200,150,gawang,48,31,135,81
IMG_20181030_194150.resized.jpg,200,150,gawang,42,36,85,56
IMG_20181030_194741.resized.jpg,200,150,gawang,62,51,86,62
IMG_20181030_194039.resized.jpg,200,150,gawang,121,38,169,63
IMG_20181030_215256.resized.jpg,200,150,gawang,58,21,99,45
IMG_20181030_214904.resized.jpg,200,150,gawang,34,8,133,64
IMG_20181030_214249.resized.jpg,200,150,gawang,130,48,169,74
IMG_20181030_194225.resized.jpg,200,150,gawang,113,30,146,48
IMG_20181030_214311.resized.jpg,200,150,gawang,93,61,138,85
IMG_20181030_215245.resized.jpg,200,150,gawang,86,19,127,42
IMG_20180927_221500.resized.jpg,200,150,gawang,44,15,138,119
IMG_20181030_213718.resized.jpg,200,150,gawang,42,1,197,104
IMG_20180927_221442.resized.jpg,200,150,gawang,42,15,175,126
IMG_20181030_214448.resized.jpg,200,150,gawang,111,51,150,69
IMG_20181030_194310.resized.jpg,200,150,gawang,55,39,85,53
IMG_20181030_214600.resized.jpg,200,150,gawang,1,22,107,103
IMG_20180927_220618.resized.jpg,200,150,gawang,64,43,141,87
IMG_20181030_193935.resized.jpg,200,150,gawang,66,49,114,73
IMG_20181030_215156.resized.jpg,200,150,gawang,47,42,93,68
IMG_20181030_194113.resized.jpg,200,150,gawang,65,37,101,56
IMG_20181030_214916.resized.jpg,200,150,gawang,94,23,162,72
IMG_20181030_214459.resized.jpg,200,150,gawang,101,45,142,68
IMG_20181030_214017.resized.jpg,200,150,gawang,87,37,178,86
IMG_20181030_213944.resized.jpg,200,150,gawang,60,34,170,94
IMG_20181030_194407.resized.jpg,200,150,gawang,47,46,76,62
IMG_20181030_213834.resized.jpg,200,150,gawang,137,38,193,84
IMG_20181030_193420.resized.jpg,200,150,gawang,40,31,99,63
IMG_20181030_194158.resized.jpg,200,150,gawang,76,35,115,57
IMG_20181030_193409.resized.jpg,200,150,gawang,26,23,93,60
IMG_20181030_214332.resized.jpg,200,150,gawang,96,57,137,80
IMG_20180927_221548.resized.jpg,200,150,gawang,93,48,153,123
IMG_20180927_220433.resized.jpg,200,150,gawang,57,12,176,100
IMG_20181030_214224.resized.jpg,200,150,gawang,88,49,127,72
IMG_20181030_194222.resized.jpg,200,150,gawang,102,39,132,57
IMG_20181030_194351.resized.jpg,200,150,gawang,59,36,88,51
IMG_20181030_194259.resized.jpg,200,150,gawang,76,46,108,64
IMG_20181030_214942.resized.jpg,200,150,gawang,112,12,183,56
IMG_20181030_214221.resized.jpg,200,150,gawang,78,46,119,71
IMG_20181030_213952.resized.jpg,200,150,gawang,68,55,156,106
IMG_20181030_194512.resized.jpg,200,150,gawang,81,48,108,61
IMG_20181030_193812.resized.jpg,200,150,gawang,73,21,122,48
IMG_20181030_193416.resized.jpg,200,150,gawang,26,26,91,60
IMG_20181030_214325.resized.jpg,200,150,gawang,102,52,144,75
IMG_20181030_194715.resized.jpg,200,150,gawang,101,57,125,68
IMG_20181030_194220.resized.jpg,200,150,gawang,89,39,118,55
IMG_20181030_194413.resized.jpg,200,150,gawang,39,53,68,72
IMG_20181030_213812.resized.jpg,200,150,gawang,43,11,139,104
IMG_20181030_193432.resized.jpg,200,150,gawang,69,46,122,82
IMG_20181030_194237.resized.jpg,200,150,gawang,113,32,146,49
IMG_20181030_215437.resized.jpg,200,150,gawang,113,38,187,85
IMG_20181030_193427.resized.jpg,200,150,gawang,71,45,125,76
IMG_20180927_220958.resized.jpg,200,150,gawang,80,49,117,70
IMG_20181030_214144.resized.jpg,200,150,gawang,1,50,37,83
IMG_20181030_193214.resized.jpg,200,150,gawang,43,44,95,82
IMG_20181030_215420.resized.jpg,200,150,gawang,22,8,147,103
IMG_20181030_194025.resized.jpg,200,150,gawang,101,41,143,67
IMG_20181030_194253.resized.jpg,200,150,gawang,105,39,138,57
IMG_20181030_193414.resized.jpg,200,150,gawang,50,22,112,57
IMG_20181030_213806.resized.jpg,200,150,gawang,14,1,152,120
IMG_20181030_214216.resized.jpg,200,150,gawang,121,26,167,50
IMG_20181030_215301.resized.jpg,200,150,gawang,50,9,93,35
IMG_20181030_214608.resized.jpg,200,150,gawang,1,10,171,107
IMG_20181030_215059.resized.jpg,200,150,gawang,101,30,173,70
IMG_20180927_220822.resized.jpg,200,150,gawang,71,35,130,69
IMG_20181030_193449.resized.jpg,200,150,gawang,112,37,163,66
IMG_20181030_214927.resized.jpg,200,150,gawang,97,24,161,69
IMG_20181030_214857.resized.jpg,200,150,gawang,16,28,90,79
IMG_20181030_194810.resized.jpg,200,150,gawang,103,60,125,75
IMG_20181030_215253.resized.jpg,200,150,gawang,65,22,106,47
IMG_20181030_193818.resized.jpg,200,150,gawang,73,36,117,61
IMG_20181030_194500.resized.jpg,200,150,gawang,105,60,133,73
IMG_20181030_194730.resized.jpg,200,150,gawang,55,43,77,57
IMG_20181030_194835.resized.jpg,200,150,gawang,111,36,134,48
IMG_20181030_215344.resized.jpg,200,150,gawang,43,7,175,90
IMG_20180927_221030.resized.jpg,200,150,gawang,105,43,140,63
IMG_20181030_193713.resized.jpg,200,150,gawang,75,24,124,52
IMG_20181030_193326.resized.jpg,200,150,gawang,113,32,181,71
IMG_20180927_221039.resized.jpg,200,150,gawang,79,45,114,68
IMG_20181030_194211.resized.jpg,200,150,gawang,81,42,113,58
IMG_20181030_193316.resized.jpg,200,150,gawang,98,31,171,70
IMG_20181030_215026.resized.jpg,200,150,gawang,48,10,150,68
IMG_20181030_193248.resized.jpg,200,150,gawang,82,30,156,76
IMG_20181030_215444.resized.jpg,200,150,gawang,58,35,151,85
IMG_20181030_193949.resized.jpg,200,150,gawang,35,55,84,85
IMG_20181030_213828.resized.jpg,200,150,gawang,100,17,157,74
IMG_20181030_194924.resized.jpg,200,150,gawang,123,53,149,68
IMG_20181030_193211.resized.jpg,200,150,gawang,67,47,115,83
IMG_20181030_193209.resized.jpg,200,150,gawang,76,34,126,73
IMG_20180927_221049.resized.jpg,200,150,gawang,94,25,133,47
IMG_20180927_220557.resized.jpg,200,150,gawang,63,43,136,85
IMG_20180927_220417.resized.jpg,200,150,gawang,47,29,184,102
IMG_20181030_214352.resized.jpg,200,150,gawang,69,44,113,67
IMG_20180927_220832.resized.jpg,200,150,gawang,77,48,132,79
IMG_20181030_194633.resized.jpg,200,150,gawang,122,41,146,53
IMG_20181030_193145.resized.jpg,200,150,gawang,75,31,175,83
IMG_20180927_220605.resized.jpg,200,150,gawang,66,41,137,85
IMG_20181030_214334.resized.jpg,200,150,gawang,100,50,140,76
IMG_20181030_193358.resized.jpg,200,150,gawang,25,38,78,70
IMG_20180927_220637.resized.jpg,200,150,gawang,51,51,122,90
IMG_20181030_214551.resized.jpg,200,150,gawang,46,31,164,94
IMG_20181030_214951.resized.jpg,200,150,gawang,113,15,196,65
IMG_20180927_220635.resized.jpg,200,150,gawang,53,62,121,101
IMG_20180927_221346.resized.jpg,200,150,gawang,26,16,167,128
IMG_20180927_220818.resized.jpg,200,150,gawang,77,36,139,73
IMG_20181030_194756.resized.jpg,200,150,gawang,78,36,103,48
IMG_20180927_220646.resized.jpg,200,150,gawang,71,55,129,85
IMG_20181030_194758.resized.jpg,200,150,gawang,78,41,102,53
IMG_20181030_194228.resized.jpg,200,150,gawang,117,23,149,39
IMG_20181030_193938.resized.jpg,200,150,gawang,80,49,125,73
IMG_20180927_221322.resized.jpg,200,150,gawang,25,5,192,150
IMG_20181030_193551.resized.jpg,200,150,gawang,53,47,92,72
IMG_20181030_193704.resized.jpg,200,150,gawang,91,54,140,82
IMG_20181030_194707.resized.jpg,200,150,gawang,106,62,130,74
IMG_20181030_194628.resized.jpg,200,150,gawang,83,36,107,52
IMG_20181030_214240.resized.jpg,200,150,gawang,101,43,140,69
IMG_20181030_214510.resized.jpg,200,150,gawang,103,44,142,63
IMG_20181030_214948.resized.jpg,200,150,gawang,120,16,200,67
IMG_20181030_214213.resized.jpg,200,150,gawang,91,32,139,58
IMG_20181030_194552.resized.jpg,200,150,gawang,76,45,104,60
IMG_20180927_220911.resized.jpg,200,150,gawang,56,61,99,86
IMG_20181030_194136.resized.jpg,200,150,gawang,50,36,91,58
IMG_20181030_193642.resized.jpg,200,150,gawang,72,25,123,55
IMG_20181030_213932.resized.jpg,200,150,gawang,84,18,184,79
IMG_20181030_194537.resized.jpg,200,150,gawang,73,49,101,64
IMG_20181030_214205.resized.jpg,200,150,gawang,60,41,113,71
IMG_20181030_215409.resized.jpg,200,150,gawang,9,10,133,90
IMG_20181030_214444.resized.jpg,200,150,gawang,122,17,162,37
IMG_20181030_214203.resized.jpg,200,150,gawang,45,39,103,66
IMG_20181030_214013.resized.jpg,200,150,gawang,38,7,130,55
IMG_20181030_194012.resized.jpg,200,150,gawang,98,44,139,69
IMG_20181030_193646.resized.jpg,200,150,gawang,67,38,118,64
IMG_20181030_193507.resized.jpg,200,150,gawang,85,36,139,64
IMG_20180927_221508.resized.jpg,200,150,gawang,11,21,153,117
IMG_20181030_193323.resized.jpg,200,150,gawang,99,31,170,72
IMG_20181030_194438.resized.jpg,200,150,gawang,115,36,143,50
IMG_20181030_215240.resized.jpg,200,150,gawang,89,35,130,59
IMG_20181030_193309.resized.jpg,200,150,gawang,75,29,145,72
IMG_20181030_214446.resized.jpg,200,150,gawang,132,33,170,53
IMG_20181030_193152.resized.jpg,200,150,gawang,80,23,173,79
IMG_20181030_215308.resized.jpg,200,150,gawang,91,28,127,49
IMG_20180927_220740.resized.jpg,200,150,gawang,20,21,180,150
IMG_20181030_215151.resized.jpg,200,150,gawang,64,26,108,53
IMG_20181030_213814.resized.jpg,200,150,gawang,80,17,164,93
IMG_20181030_193527.resized.jpg,200,150,gawang,105,46,153,70
IMG_20181030_193556.resized.jpg,200,150,gawang,47,44,90,65
IMG_20181030_214314.resized.jpg,200,150,gawang,92,57,139,83
IMG_20181030_214547.resized.jpg,200,150,gawang,63,41,170,104
IMG_20181030_194007.resized.jpg,200,150,gawang,112,50,152,75
IMG_20181030_215125.resized.jpg,200,150,gawang,127,32,179,66
IMG_20181030_215035.resized.jpg,200,150,gawang,90,39,146,75
IMG_20181030_214647.resized.jpg,200,150,gawang,10,11,151,93
IMG_20181030_213725.resized.jpg,200,150,gawang,126,1,200,72
IMG_20181030_213732.resized.jpg,200,150,gawang,60,2,169,88
IMG_20181030_214242.resized.jpg,200,150,gawang,118,62,157,87
IMG_20181030_214041.resized.jpg,200,150,gawang,86,6,142,45
IMG_20181030_194918.resized.jpg,200,150,gawang,100,60,123,70
IMG_20181030_194400.resized.jpg,200,150,gawang,81,39,109,54
IMG_20180927_221601.resized.jpg,200,150,gawang,99,19,140,131
IMG_20181030_214038.resized.jpg,200,150,gawang,95,24,154,61
IMG_20181030_213905.resized.jpg,200,150,gawang,92,32,191,93
IMG_20181030_214946.resized.jpg,200,150,gawang,114,16,194,66
IMG_20181030_215042.resized.jpg,200,150,gawang,51,22,114,62
IMG_20181030_215411.resized.jpg,200,150,gawang,12,23,133,97
IMG_20181030_193708.resized.jpg,200,150,gawang,116,29,166,55
IMG_20181030_194134.resized.jpg,200,150,gawang,37,33,81,56
IMG_20181030_194424.resized.jpg,200,150,gawang,91,41,118,58
IMG_20181030_215040.resized.jpg,200,150,gawang,67,37,128,70
IMG_20181030_194624.resized.jpg,200,150,gawang,47,57,72,72
IMG_20181030_214100.resized.jpg,200,150,gawang,122,35,183,68
IMG_20181030_194445.resized.jpg,200,150,gawang,109,38,138,55
IMG_20181030_194650.resized.jpg,200,150,gawang,100,45,125,57
IMG_20181030_214107.resized.jpg,200,150,gawang,97,61,160,96
IMG_20181030_215029.resized.jpg,200,150,gawang,86,11,182,67
IMG_20181030_213803.resized.jpg,200,150,gawang,44,1,196,111
IMG_20181030_194432.resized.jpg,200,150,gawang,116,41,143,57
IMG_20180927_221252.resized.jpg,200,150,gawang,13,20,184,112
IMG_20181030_214027.resized.jpg,200,150,gawang,101,37,174,78
IMG_20181030_213937.resized.jpg,200,150,gawang,81,36,185,97
IMG_20181030_214006.resized.jpg,200,150,gawang,69,6,144,52
IMG_20181030_193602.resized.jpg,200,150,gawang,48,52,94,78
IMG_20181030_213756.resized.jpg,200,150,gawang,46,1,200,113
IMG_20181030_213942.resized.jpg,200,150,gawang,52,39,160,96
IMG_20181030_193328.resized.jpg,200,150,gawang,91,40,153,80
IMG_20180927_220826.resized.jpg,200,150,gawang,32,40,94,73
IMG_20181030_215401.resized.jpg,200,150,gawang,50,12,176,96
IMG_20181030_194910.resized.jpg,200,150,gawang,95,43,118,56
IMG_20181030_194853.resized.jpg,200,150,gawang,92,50,116,64
IMG_20180927_221034.resized.jpg,200,150,gawang,82,23,118,45
IMG_20181030_194856.resized.jpg,200,150,gawang,99,45,124,57
IMG_20181030_214057.resized.jpg,200,150,gawang,121,27,181,62
IMG_20181030_213837.resized.jpg,200,150,gawang,158,34,200,82
IMG_20181030_193320.resized.jpg,200,150,gawang,85,30,160,70
IMG_20181030_215413.resized.jpg,200,150,gawang,1,12,112,89
IMG_20181030_214201.resized.jpg,200,150,gawang,52,43,106,75
IMG_20181030_214021.resized.jpg,200,150,gawang,75,31,158,75
IMG_20181030_193115.resized.jpg,200,150,gawang,57,26,134,83
IMG_20181030_194948.resized.jpg,200,150,gawang,96,40,119,52
IMG_20181030_215439.resized.jpg,200,150,gawang,97,34,178,82
IMG_20181030_194540.resized.jpg,200,150,gawang,76,49,103,65
IMG_20180927_221052.resized.jpg,200,150,gawang,93,30,134,54
IMG_20181030_215429.resized.jpg,200,150,gawang,103,35,180,91
IMG_20180927_220939.resized.jpg,200,150,gawang,82,35,119,57
IMG_20181030_213946.resized.jpg,200,150,gawang,68,26,179,87
IMG_20181030_214901.resized.jpg,200,150,gawang,9,11,107,66
IMG_20181030_194349.resized.jpg,200,150,gawang,68,36,97,51
IMG_20181030_213701.resized.jpg,200,150,gawang,1,1,200,113
IMG_20181030_215112.resized.jpg,200,150,gawang,92,24,146,58
IMG_20181030_194927.resized.jpg,200,150,gawang,112,55,134,71
IMG_20181030_193350.resized.jpg,200,150,gawang,104,59,151,90
IMG_20181030_194357.resized.jpg,200,150,gawang,75,39,104,53
IMG_20181030_215052.resized.jpg,200,150,gawang,71,40,125,76
IMG_20181030_194549.resized.jpg,200,150,gawang,84,51,112,64
IMG_20180927_221553.resized.jpg,200,150,gawang,70,11,154,125
IMG_20181030_215249.resized.jpg,200,150,gawang,68,19,107,42
IMG_20181030_193044.resized.jpg,200,150,gawang,33,34,117,100
IMG_20181030_195017.resized.jpg,200,150,gawang,97,42,120,55
IMG_20181030_213809.resized.jpg,200,150,gawang,11,1,137,121
IMG_20181030_214944.resized.jpg,200,150,gawang,91,9,166,57
IMG_20181030_215216.resized.jpg,200,150,gawang,80,44,126,69
IMG_20181030_214102.resized.jpg,200,150,gawang,118,39,181,74
IMG_20181030_214408.resized.jpg,200,150,gawang,81,44,119,66
IMG_20181030_193524.resized.jpg,200,150,gawang,86,34,134,61
IMG_20181030_214346.resized.jpg,200,150,gawang,72,26,119,56
IMG_20181030_214431.resized.jpg,200,150,gawang,87,38,123,59
IMG_20181030_193042.resized.jpg,200,150,gawang,65,21,144,88
IMG_20181030_194737.resized.jpg,200,150,gawang,68,35,92,48
IMG_20181030_214008.resized.jpg,200,150,gawang,1,24,82,71
IMG_20181030_193142.resized.jpg,200,150,gawang,80,33,173,87
IMG_20181030_213847.resized.jpg,200,150,gawang,84,30,161,81
IMG_20181030_193855.resized.jpg,200,150,gawang,97,46,143,70
IMG_20181030_193530.resized.jpg,200,150,gawang,103,42,151,68
IMG_20181030_194618.resized.jpg,200,150,gawang,80,48,106,63
IMG_20181030_214953.resized.jpg,200,150,gawang,109,1,199,49
IMG_20181030_194644.resized.jpg,200,150,gawang,115,45,140,57
IMG_20181030_214004.resized.jpg,200,150,gawang,9,26,88,74
IMG_20181030_193553.resized.jpg,200,150,gawang,55,44,95,69
IMG_20181030_215227.resized.jpg,200,150,gawang,83,33,123,59
IMG_20181030_194103.resized.jpg,200,150,gawang,119,47,163,72
IMG_20181030_193129.resized.jpg,200,150,gawang,92,31,172,80
IMG_20181030_193451.resized.jpg,200,150,gawang,104,35,154,65
IMG_20181030_193159.resized.jpg,200,150,gawang,81,38,153,83
IMG_20181030_194808.resized.jpg,200,150,gawang,102,54,126,65
IMG_20181030_193649.resized.jpg,200,150,gawang,53,45,104,70
IMG_20181030_214135.resized.jpg,200,150,gawang,47,38,96,63
IMG_20181030_195024.resized.jpg,200,150,gawang,62,48,84,63
IMG_20181030_194747.resized.jpg,200,150,gawang,67,46,91,59
IMG_20181030_214441.resized.jpg,200,150,gawang,106,38,143,59
IMG_20181030_215213.resized.jpg,200,150,gawang,77,55,123,79
IMG_20181030_193547.resized.jpg,200,150,gawang,101,46,139,72
IMG_20181030_194320.resized.jpg,200,150,gawang,56,45,83,59
IMG_20180927_221405.resized.jpg,200,150,gawang,34,13,140,146
IMG_20181030_194938.resized.jpg,200,150,gawang,66,51,90,65
IMG_20181030_195002.resized.jpg,200,150,gawang,77,38,101,50
IMG_20181030_193331.resized.jpg,200,150,gawang,95,44,156,84
IMG_20181030_194503.resized.jpg,200,150,gawang,102,37,131,53
IMG_20181030_214603.resized.jpg,200,150,gawang,1,8,147,107
IMG_20181030_213735.resized.jpg,200,150,gawang,36,5,143,89
IMG_20181030_214609.resized.jpg,200,150,gawang,51,4,200,109
IMG_20181030_215158.resized.jpg,200,150,gawang,64,46,112,71
IMG_20181030_214036.resized.jpg,200,150,gawang,59,21,122,61
IMG_20181030_193857.resized.jpg,200,150,gawang,120,50,166,74
IMG_20181030_214230.resized.jpg,200,150,gawang,79,50,119,74
IMG_20181030_193907.resized.jpg,200,150,gawang,97,58,139,81
IMG_20181030_214328.resized.jpg,200,150,gawang,105,53,148,81
IMG_20181030_215356.resized.jpg,200,150,gawang,115,14,200,86
IMG_20181030_214031.resized.jpg,200,150,gawang,94,40,166,84
IMG_20181030_194141.resized.jpg,200,150,gawang,51,36,94,60
IMG_20181030_193252.resized.jpg,200,150,gawang,90,42,162,91
IMG_20181030_194517.resized.jpg,200,150,gawang,66,53,92,66
IMG_20181030_214019.resized.jpg,200,150,gawang,93,34,181,82
IMG_20181030_214919.resized.jpg,200,150,gawang,83,30,146,74
IMG_20181030_214308.resized.jpg,200,150,gawang,100,80,145,106
IMG_20181030_193436.resized.jpg,200,150,gawang,52,52,102,87
IMG_20181030_194043.resized.jpg,200,150,gawang,116,47,162,73
IMG_20181030_193318.resized.jpg,200,150,gawang,94,22,168,63
IMG_20181030_193241.resized.jpg,200,150,gawang,42,28,127,76
IMG_20181030_193048.resized.jpg,200,150,gawang,30,55,129,121
IMG_20181030_214124.resized.jpg,200,150,gawang,30,54,90,84
IMG_20181030_193459.resized.jpg,200,150,gawang,106,34,161,60
IMG_20181030_193046.resized.jpg,200,150,gawang,18,40,113,107
IMG_20181030_214343.resized.jpg,200,150,gawang,68,33,112,61
IMG_20181030_193347.resized.jpg,200,150,gawang,113,66,170,99
IMG_20181030_193904.resized.jpg,200,150,gawang,114,64,158,89
IMG_20181030_214306.resized.jpg,200,150,gawang,98,66,143,87
IMG_20180927_221339.resized.jpg,200,150,gawang,13,9,200,124
IMG_20181030_193239.resized.jpg,200,150,gawang,39,24,127,76
IMG_20181030_214513.resized.jpg,200,150,gawang,104,48,140,68
IMG_20181030_193516.resized.jpg,200,150,gawang,103,35,154,63
IMG_20181030_193925.resized.jpg,200,150,gawang,47,54,95,79
IMG_20181030_214033.resized.jpg,200,150,gawang,102,57,167,95
IMG_20181030_193256.resized.jpg,200,150,gawang,67,41,137,99
IMG_20181030_215351.resized.jpg,200,150,gawang,106,19,163,75
IMG_20181030_193150.resized.jpg,200,150,gawang,66,23,159,80
IMG_20181030_215427.resized.jpg,200,150,gawang,89,31,176,87
IMG_20181030_193605.resized.jpg,200,150,gawang,45,33,91,57
IMG_20181030_194111.resized.jpg,200,150,gawang,53,41,91,62
IMG_20181030_194340.resized.jpg,200,150,gawang,64,36,94,50
IMG_20181030_194106.resized.jpg,200,150,gawang,79,54,117,75
IMG_20181030_194826.resized.jpg,200,150,gawang,101,26,125,39
IMG_20180927_220843.resized.jpg,200,150,gawang,63,23,122,56
IMG_20181030_214426.resized.jpg,200,150,gawang,74,31,108,51
IMG_20181030_213825.resized.jpg,200,150,gawang,117,16,188,76
IMG_20181030_193132.resized.jpg,200,150,gawang,110,28,197,79
IMG_20181030_193945.resized.jpg,200,150,gawang,24,46,75,73
IMG_20181030_193913.resized.jpg,200,150,gawang,102,61,145,83
IMG_20181030_214048.resized.jpg,200,150,gawang,113,34,161,68
IMG_20181030_194636.resized.jpg,200,150,gawang,122,52,146,64
IMG_20181030_193341.resized.jpg,200,150,gawang,110,51,171,87
IMG_20181030_194744.resized.jpg,200,150,gawang,60,44,84,57
IMG_20181030_214855.resized.jpg,200,150,gawang,56,29,118,73
IMG_20181030_194858.resized.jpg,200,150,gawang,100,48,124,59
IMG_20181030_194914.resized.jpg,200,150,gawang,96,35,119,49
IMG_20181030_214505.resized.jpg,200,150,gawang,100,38,139,60
IMG_20181030_214929.resized.jpg,200,150,gawang,117,29,175,70
IMG_20180927_220855.resized.jpg,200,150,gawang,96,36,144,64
IMG_20181030_194453.resized.jpg,200,150,gawang,85,33,114,48
IMG_20181030_193457.resized.jpg,200,150,gawang,111,25,163,52
IMG_20181030_194704.resized.jpg,200,150,gawang,96,54,121,67
IMG_20180927_220703.resized.jpg,200,150,gawang,50,24,115,59
IMG_20180927_221227.resized.jpg,200,150,gawang,39,27,181,106
IMG_20181030_194846.resized.jpg,200,150,gawang,111,36,135,47
IMG_20181030_194608.resized.jpg,200,150,gawang,68,40,94,53
IMG_20181030_194313.resized.jpg,200,150,gawang,82,43,110,57
IMG_20181030_215225.resized.jpg,200,150,gawang,86,28,127,50
IMG_20181030_194256.resized.jpg,200,150,gawang,93,27,128,46
IMG_20181030_194032.resized.jpg,200,150,gawang,105,40,150,66
IMG_20181030_214132.resized.jpg,200,150,gawang,75,56,120,84
IMG_20181030_215132.resized.jpg,200,150,gawang,68,1,127,37
IMG_20181030_193701.resized.jpg,200,150,gawang,95,42,145,69
IMG_20181030_193429.resized.jpg,200,150,gawang,56,37,113,71
IMG_20181030_193202.resized.jpg,200,150,gawang,65,43,126,83
IMG_20180927_220811.resized.jpg,200,150,gawang,75,27,142,65
IMG_20181030_194030.resized.jpg,200,150,gawang,112,34,157,61
IMG_20181030_214109.resized.jpg,200,150,gawang,92,51,156,83
IMG_20180927_220526.resized.jpg,200,150,gawang,50,32,138,88
IMG_20181030_193140.resized.jpg,200,150,gawang,92,18,183,71
IMG_20181030_194945.resized.jpg,200,150,gawang,76,57,98,72
IMG_20181030_214959.resized.jpg,200,150,gawang,73,9,173,64
IMG_20180927_221415.resized.jpg,200,150,gawang,21,6,161,120
IMG_20181030_193205.resized.jpg,200,150,gawang,79,44,132,82
IMG_20181030_194832.resized.jpg,200,150,gawang,114,42,136,54
IMG_20181030_194434.resized.jpg,200,150,gawang,121,35,149,49
IMG_20181030_214055.resized.jpg,200,150,gawang,133,28,191,60
IMG_20181030_193355.resized.jpg,200,150,gawang,30,50,80,82
IMG_20180927_221420.resized.jpg,200,150,gawang,5,17,184,131
IMG_20181030_214401.resized.jpg,200,150,gawang,99,38,138,62
IMG_20181030_194148.resized.jpg,200,150,gawang,61,27,104,49
IMG_20181030_213842.resized.jpg,200,150,gawang,159,15,200,63
IMG_20181030_193349.resized.jpg,200,150,gawang,97,60,147,91
IMG_20180927_220539.resized.jpg,200,150,gawang,66,31,160,80
IMG_20181030_194849.resized.jpg,200,150,gawang,113,42,137,58
IMG_20181030_214626.resized.jpg,200,150,gawang,27,1,129,120
IMG_20181030_215047.resized.jpg,200,150,gawang,37,16,103,60
IMG_20180927_220935.resized.jpg,200,150,gawang,92,40,131,63
IMG_20181030_195013.resized.jpg,200,150,gawang,114,56,139,69
IMG_20181030_214644.resized.jpg,200,150,gawang,35,14,170,92
IMG_20181030_194315.resized.jpg,200,150,gawang,98,39,127,55
IMG_20181030_215223.resized.jpg,200,150,gawang,68,35,114,64
IMG_20181030_214450.resized.jpg,200,150,gawang,103,26,144,47
IMG_20181030_194912.resized.jpg,200,150,gawang,88,42,112,55
IMG_20181030_194138.resized.jpg,200,150,gawang,56,40,97,62
IMG_20181030_193512.resized.jpg,200,150,gawang,87,37,138,64
IMG_20181030_194346.resized.jpg,200,150,gawang,90,35,119,50
IMG_20181030_194906.resized.jpg,200,150,gawang,100,45,123,56
IMG_20181030_215038.resized.jpg,200,150,gawang,93,41,152,79
IMG_20181030_194143.resized.jpg,200,150,gawang,37,29,82,53
IMG_20181030_194943.resized.jpg,200,150,gawang,70,39,94,53
IMG_20181030_194639.resized.jpg,200,150,gawang,115,51,139,63
IMG_20180927_221001.resized.jpg,200,150,gawang,73,48,110,70
IMG_20181030_194002.resized.jpg,200,150,gawang,43,65,87,98
IMG_20181030_194331.resized.jpg,200,150,gawang,48,42,78,56
IMG_20180927_220513.resized.jpg,200,150,gawang,44,23,158,87
IMG_20181030_214024.resized.jpg,200,150,gawang,93,35,175,80
IMG_20181030_194018.resized.jpg,200,150,gawang,114,50,159,76
IMG_20181030_193932.resized.jpg,200,150,gawang,63,53,110,79
IMG_20181030_213727.resized.jpg,200,150,gawang,78,1,196,87
IMG_20181030_194037.resized.jpg,200,150,gawang,122,42,169,67
IMG_20180927_221216.resized.jpg,200,150,gawang,29,19,186,106
IMG_20181030_193440.resized.jpg,200,150,gawang,101,51,146,79
IMG_20181030_193313.resized.jpg,200,150,gawang,85,30,155,71
IMG_20181030_214142.resized.jpg,200,150,gawang,40,40,100,70
IMG_20181030_194655.resized.jpg,200,150,gawang,111,48,136,61
IMG_20181030_194005.resized.jpg,200,150,gawang,50,65,93,99
IMG_20181030_194053.resized.jpg,200,150,gawang,112,48,158,75
IMG_20181030_213852.resized.jpg,200,150,gawang,85,34,176,90
IMG_20181030_215452.resized.jpg,200,150,gawang,75,48,134,86
IMG_20180927_221535.resized.jpg,200,150,gawang,20,21,178,143
IMG_20181030_215237.resized.jpg,200,150,gawang,69,33,111,55
IMG_20181030_213748.resized.jpg,200,150,gawang,1,1,148,98
IMG_20180927_221516.resized.jpg,200,150,gawang,15,15,163,122
IMG_20181030_193101.resized.jpg,200,150,gawang,11,21,159,107
IMG_20181030_215349.resized.jpg,200,150,gawang,125,23,192,85
IMG_20181030_215423.resized.jpg,200,150,gawang,1,23,118,92
IMG_20181030_195006.resized.jpg,200,150,gawang,74,36,99,49
IMG_20181030_193909.resized.jpg,200,150,gawang,108,61,151,82
IMG_20181030_214104.resized.jpg,200,150,gawang,100,34,164,72
IMG_20181030_193411.resized.jpg,200,150,gawang,39,38,99,69
IMG_20181030_193815.resized.jpg,200,150,gawang,87,14,134,42
IMG_20181030_193521.resized.jpg,200,150,gawang,87,36,136,63
IMG_20181030_215440.resized.jpg,200,150,gawang,85,22,174,72
IMG_20181030_193122.resized.jpg,200,150,gawang,36,66,96,116
IMG_20181030_214853.resized.jpg,200,150,gawang,52,27,119,72
IMG_20181030_194108.resized.jpg,200,150,gawang,106,48,144,71
IMG_20180927_220858.resized.jpg,200,150,gawang,93,43,144,70
IMG_20181030_193947.resized.jpg,200,150,gawang,31,50,81,76
IMG_20181030_213817.resized.jpg,200,150,gawang,89,18,168,94
IMG_20181030_194422.resized.jpg,200,150,gawang,83,38,110,55
IMG_20181030_215015.resized.jpg,200,150,gawang,29,24,99,65
IMG_20181030_213920.resized.jpg,200,150,gawang,93,34,192,97
IMG_20181030_193951.resized.jpg,200,150,gawang,52,48,99,80
IMG_20181030_215057.resized.jpg,200,150,gawang,68,31,143,74
IMG_20181030_193254.resized.jpg,200,150,gawang,88,24,161,81
IMG_20180927_220624.resized.jpg,200,150,gawang,59,59,127,98
IMG_20181030_193434.resized.jpg,200,150,gawang,76,52,125,85
IMG_20181030_194713.resized.jpg,200,150,gawang,93,59,117,71
IMG_20181030_193104.resized.jpg,200,150,gawang,43,27,176,106
IMG_20181030_213707.resized.jpg,200,150,gawang,1,1,135,105
IMG_20180927_220735.resized.jpg,200,150,gawang,23,14,186,131
IMG_20181030_195016.resized.jpg,200,150,gawang,114,55,136,65
IMG_20181030_215114.resized.jpg,200,150,gawang,88,25,137,59
IMG_20181030_214414.resized.jpg,200,150,gawang,89,43,125,61
IMG_20181030_193333.resized.jpg,200,150,gawang,110,1,174,44
IMG_20181030_194725.resized.jpg,200,150,gawang,84,59,108,75
IMG_20181030_194028.resized.jpg,200,150,gawang,106,32,152,58
IMG_20180927_220916.resized.jpg,200,150,gawang,88,59,125,79
IMG_20181030_193053.resized.jpg,200,150,gawang,7,36,131,111
IMG_20180927_221012.resized.jpg,200,150,gawang,62,64,98,84
IMG_20181030_214418.resized.jpg,200,150,gawang,90,45,124,64
IMG_20181030_193843.resized.jpg,200,150,gawang,87,24,134,49
IMG_20181030_194719.resized.jpg,200,150,gawang,106,66,129,76
IMG_20180927_220814.resized.jpg,200,150,gawang,68,25,138,65
IMG_20180927_220653.resized.jpg,200,150,gawang,79,38,141,74
IMG_20181030_213949.resized.jpg,200,150,gawang,50,36,156,98
IMG_20180927_220923.resized.jpg,200,150,gawang,85,38,124,60
IMG_20180927_220757.resized.jpg,200,150,gawang,59,18,134,62
IMG_20181030_194750.resized.jpg,200,150,gawang,61,33,86,47
IMG_20181030_215127.resized.jpg,200,150,gawang,122,26,178,59
IMG_20181030_214633.resized.jpg,200,150,gawang,119,19,199,94
IMG_20181030_194916.resized.jpg,200,150,gawang,100,52,122,64
IMG_20181030_194505.resized.jpg,200,150,gawang,101,40,129,56
IMG_20181030_194441.resized.jpg,200,150,gawang,111,40,139,54
IMG_20181030_194533.resized.jpg,200,150,gawang,65,63,91,78
IMG_20181030_193610.resized.jpg,200,150,gawang,73,28,121,53
IMG_20181030_194641.resized.jpg,200,150,gawang,121,48,144,59
IMG_20181030_194338.resized.jpg,200,150,gawang,55,43,84,59
IMG_20181030_194204.resized.jpg,200,150,gawang,80,30,118,49
IMG_20180927_220909.resized.jpg,200,150,gawang,69,34,114,59
IMG_20181030_214543.resized.jpg,200,150,gawang,81,23,179,88
IMG_20181030_214127.resized.jpg,200,150,gawang,62,44,115,74
IMG_20181030_215259.resized.jpg,200,150,gawang,32,21,78,45
IMG_20181030_193343.resized.jpg,200,150,gawang,92,54,146,86
IMG_20181030_194020.resized.jpg,200,150,gawang,109,45,153,70
IMG_20181030_214250.resized.jpg,200,150,gawang,133,36,172,62
IMG_20181030_193445.resized.jpg,200,150,gawang,130,44,183,75
IMG_20181030_194841.resized.jpg,200,150,gawang,107,35,132,48
IMG_20181030_215129.resized.jpg,200,150,gawang,93,20,148,50
IMG_20181030_194305.resized.jpg,200,150,gawang,76,40,106,54
IMG_20181030_215006.resized.jpg,200,150,gawang,47,17,133,64
IMG_20181030_213845.resized.jpg,200,150,gawang,105,23,176,72
IMG_20181030_215122.resized.jpg,200,150,gawang,119,15,169,50
IMG_20181030_193050.resized.jpg,200,150,gawang,24,57,131,125
IMG_20180927_221025.resized.jpg,200,150,gawang,83,47,118,68
IMG_20181030_215243.resized.jpg,200,150,gawang,82,21,123,45
IMG_20181030_214253.resized.jpg,200,150,gawang,129,39,169,63
IMG_20180927_220929.resized.jpg,200,150,gawang,101,30,140,53
IMG_20181030_193644.resized.jpg,200,150,gawang,75,28,126,55
IMG_20181030_213939.resized.jpg,200,150,gawang,84,25,192,86
IMG_20181030_194000.resized.jpg,200,150,gawang,47,64,89,96
IMG_20180927_220744.resized.jpg,200,150,gawang,17,7,170,150
IMG_20181030_214043.resized.jpg,200,150,gawang,76,22,125,53
IMG_20181030_194815.resized.jpg,200,150,gawang,86,51,109,66
IMG_20181030_215018.resized.jpg,200,150,gawang,6,31,77,70
IMG_20181030_214010.resized.jpg,200,150,gawang,12,25,100,70
IMG_20181030_193406.resized.jpg,200,150,gawang,25,23,94,58
IMG_20181030_214907.resized.jpg,200,150,gawang,46,14,145,71
IMG_20181030_194721.resized.jpg,200,150,gawang,103,60,126,74
IMG_20181030_193225.resized.jpg,200,150,gawang,27,21,115,71
IMG_20181030_193808.resized.jpg,200,150,gawang,68,38,122,68
IMG_20181030_214001.resized.jpg,200,150,gawang,10,36,85,86
IMG_20181030_194615.resized.jpg,200,150,gawang,115,37,142,51
IMG_20181030_214957.resized.jpg,200,150,gawang,77,8,172,59
IMG_20180927_220610.resized.jpg,200,150,gawang,50,37,114,84
IMG_20181030_194823.resized.jpg,200,150,gawang,78,50,100,62
IMG_20181030_215343.resized.jpg,200,150,gawang,14,17,152,95
IMG_20181030_214045.resized.jpg,200,150,gawang,86,24,132,58
IMG_20181030_214215.resized.jpg,200,150,gawang,91,34,137,60
IMG_20181030_215219.resized.jpg,200,150,gawang,90,42,134,69
IMG_20181030_213821.resized.jpg,200,150,gawang,112,19,192,88
IMG_20181030_215406.resized.jpg,200,150,gawang,18,24,155,97
IMG_20181030_213710.resized.jpg,200,150,gawang,1,1,105,115
IMG_20181030_214955.resized.jpg,200,150,gawang,57,1,152,45
IMG_20180927_221043.resized.jpg,200,150,gawang,62,47,98,69
IMG_20181030_214924.resized.jpg,200,150,gawang,73,16,141,67
IMG_20180927_221046.resized.jpg,200,150,gawang,65,55,102,78
IMG_20181030_215450.resized.jpg,200,150,gawang,78,44,144,87
IMG_20181030_214304.resized.jpg,200,150,gawang,125,59,172,84
IMG_20181030_193119.resized.jpg,200,150,gawang,42,65,106,113
IMG_20180927_220630.resized.jpg,200,150,gawang,64,45,135,85
IMG_20181030_194128.resized.jpg,200,150,gawang,67,32,108,56
IMG_20181030_214015.resized.jpg,200,150,gawang,57,19,150,69
IMG_20181030_194522.resized.jpg,200,150,gawang,48,48,75,62
IMG_20181030_214558.resized.jpg,200,150,gawang,28,22,142,95
IMG_20181030_194201.resized.jpg,200,150,gawang,67,34,104,53
IMG_20181030_193953.resized.jpg,200,150,gawang,38,55,84,90
IMG_20181030_194509.resized.jpg,200,150,gawang,89,48,118,63
IMG_20181030_214257.resized.jpg,200,150,gawang,145,43,189,67
IMG_20181030_215003.resized.jpg,200,150,gawang,42,13,129,65
IMG_20181030_193138.resized.jpg,200,150,gawang,88,26,179,80
IMG_20181030_193918.resized.jpg,200,150,gawang,56,56,100,77
IMG_20181030_213713.resized.jpg,200,150,gawang,1,1,118,107
IMG_20181030_195019.resized.jpg,200,150,gawang,99,42,121,54
IMG_20181030_214350.resized.jpg,200,150,gawang,73,46,116,67
IMG_20181030_194658.resized.jpg,200,150,gawang,107,46,132,59
IMG_20181030_194317.resized.jpg,200,150,gawang,88,45,115,57
IMG_20181030_214117.resized.jpg,200,150,gawang,75,34,141,74
IMG_20181030_214914.resized.jpg,200,150,gawang,99,19,174,68
IMG_20180927_220421.resized.jpg,200,150,gawang,41,31,183,104
IMG_20181030_193303.resized.jpg,200,150,gawang,73,46,130,82
IMG_20180927_220800.resized.jpg,200,150,gawang,70,14,157,61
IMG_20181030_193920.resized.jpg,200,150,gawang,51,50,95,72
IMG_20181030_193352.resized.jpg,200,150,gawang,58,53,112,86
IMG_20181030_213723.resized.jpg,200,150,gawang,87,1,199,84
IMG_20181030_215348.resized.jpg,200,150,gawang,121,20,200,103
IMG_20181030_193156.resized.jpg,200,150,gawang,68,35,146,83
IMG_20181030_214359.resized.jpg,200,150,gawang,90,49,132,72
IMG_20181030_194354.resized.jpg,200,150,gawang,84,42,111,55
IMG_20181030_215102.resized.jpg,200,150,gawang,120,46,178,85
IMG_20181030_193244.resized.jpg,200,150,gawang,49,14,134,66
IMG_20181030_193135.resized.jpg,200,150,gawang,79,13,164,67
IMG_20181030_193124.resized.jpg,200,150,gawang,46,62,111,115
IMG_20181030_193955.resized.jpg,200,150,gawang,48,57,91,88
IMG_20181030_193300.resized.jpg,200,150,gawang,80,61,135,101
IMG_20181030_194016.resized.jpg,200,150,gawang,112,48,155,72
IMG_20181030_213704.resized.jpg,200,150,gawang,1,1,151,125
IMG_20181030_213800.resized.jpg,200,150,gawang,98,1,199,107
IMG_20181030_194456.resized.jpg,200,150,gawang,98,55,128,67
IMG_20181030_214255.resized.jpg,200,150,gawang,134,38,175,63
IMG_20181030_213729.resized.jpg,200,150,gawang,81,1,185,80
IMG_20181030_194535.resized.jpg,200,150,gawang,74,57,101,69
IMG_20180927_220643.resized.jpg,200,150,gawang,63,43,132,80
IMG_20181030_214629.resized.jpg,200,150,gawang,62,4,191,104
IMG_20181030_193442.resized.jpg,200,150,gawang,101,42,146,74
IMG_20181030_194626.resized.jpg,200,150,gawang,55,61,79,75
IMG_20181030_214843.resized.jpg,200,150,gawang,30,13,139,74
IMG_20181030_214641.resized.jpg,200,150,gawang,54,8,182,88
IMG_20181030_215433.resized.jpg,200,150,gawang,116,31,182,80
IMG_20180927_221157.resized.jpg,200,150,gawang,24,18,163,129
IMG_20181030_193545.resized.jpg,200,150,gawang,106,39,147,66
IMG_20181030_214541.resized.jpg,200,150,gawang,81,24,165,83
IMG_20181030_214556.resized.jpg,200,150,gawang,39,2,160,78
IMG_20181030_213934.resized.jpg,200,150,gawang,77,30,177,91
IMG_20181030_215118.resized.jpg,200,150,gawang,111,1,159,33
IMG_20180927_220601.resized.jpg,200,150,gawang,64,47,137,86
IMG_20181030_215154.resized.jpg,200,150,gawang,25,22,73,50
IMG_20181030_214406.resized.jpg,200,150,gawang,67,42,106,64
IMG_20181030_195011.resized.jpg,200,150,gawang,122,40,145,51
IMG_20180927_220436.resized.jpg,200,150,gawang,73,10,187,92
IMG_20180927_221304.resized.jpg,200,150,gawang,2,23,195,147
IMG_20181030_193536.resized.jpg,200,150,gawang,87,48,132,73
IMG_20181030_213716.resized.jpg,200,150,gawang,19,1,180,116
IMG_20181030_194101.resized.jpg,200,150,gawang,105,46,150,72
IMG_20180927_221213.resized.jpg,200,150,gawang,16,22,172,102
IMG_20181030_214259.resized.jpg,200,150,gawang,149,51,195,75
IMG_20181030_214139.resized.jpg,200,150,gawang,29,42,84,71
IMG_20181030_193207.resized.jpg,200,150,gawang,98,38,147,74
IMG_20181030_214612.resized.jpg,200,150,gawang,37,1,188,103
IMG_20181030_214502.resized.jpg,200,150,gawang,93,47,132,66
IMG_20181030_194034.resized.jpg,200,150,gawang,110,44,156,72
IMG_20181030_194242.resized.jpg,200,150,gawang,103,38,135,54
IMG_20181030_195003.resized.jpg,200,150,gawang,72,34,96,49
IMG_20181030_193518.resized.jpg,200,150,gawang,93,36,145,61
IMG_20181030_214939.resized.jpg,200,150,gawang,136,24,198,65
IMG_20181030_193233.resized.jpg,200,150,gawang,37,29,127,76
IMG_20180927_220828.resized.jpg,200,150,gawang,38,36,98,71
IMG_20181030_193506.resized.jpg,200,150,gawang,79,31,133,61
IMG_20181030_194324.resized.jpg,200,150,gawang,72,18,101,34
IMG_20181030_214617.resized.jpg,200,150,gawang,85,1,183,94
IMG_20181030_213819.resized.jpg,200,150,gawang,106,25,184,98
IMG_20181030_194410.resized.jpg,200,150,gawang,53,54,81,69
IMG_20181030_214614.resized.jpg,200,150,gawang,71,1,195,94
IMG_20181030_214420.resized.jpg,200,150,gawang,89,47,124,66
IMG_20180927_220901.resized.jpg,200,150,gawang,72,39,121,67
IMG_20181030_215146.resized.jpg,200,150,gawang,100,33,153,64
IMG_20181030_215304.resized.jpg,200,150,gawang,46,22,87,47
IMG_20181030_195021.resized.jpg,200,150,gawang,86,44,109,58
IMG_20181030_193930.resized.jpg,200,150,gawang,61,48,109,74
IMG_20181030_194213.resized.jpg,200,150,gawang,44,45,76,64
IMG_20180927_220806.resized.jpg,200,150,gawang,68,21,134,57
IMG_20181030_194326.resized.jpg,200,150,gawang,61,11,90,28
IMG_20180927_221204.resized.jpg,200,150,gawang,24,14,152,132
IMG_20181030_193548.resized.jpg,200,150,gawang,95,48,131,73
IMG_20181030_193851.resized.jpg,200,150,gawang,98,29,143,53
IMG_20181030_214845.resized.jpg,200,150,gawang,64,27,162,90
IMG_20181030_193307.resized.jpg,200,150,gawang,81,10,151,50
IMG_20181030_215231.resized.jpg,200,150,gawang,92,27,133,53
IMG_20180927_220719.resized.jpg,200,150,gawang,35,1,152,150
IMG_20181030_193034.resized.jpg,200,150,gawang,48,15,177,121
IMG_20181030_194956.resized.jpg,200,150,gawang,79,42,104,56
IMG_20181030_214438.resized.jpg,200,150,gawang,91,31,127,49
IMG_20181030_194449.resized.jpg,200,150,gawang,100,45,128,59
IMG_20181030_194515.resized.jpg,200,150,gawang,84,64,111,77
IMG_20181030_194527.resized.jpg,200,150,gawang,47,53,73,66
IMG_20180927_220904.resized.jpg,200,150,gawang,82,45,127,69
IMG_20181030_214636.resized.jpg,200,150,gawang,75,8,194,85
IMG_20181030_214130.resized.jpg,200,150,gawang,75,67,126,95
IMG_20181030_194605.resized.jpg,200,150,gawang,66,44,92,59
IMG_20180927_221531.resized.jpg,200,150,gawang,41,16,129,132
IMG_20181030_214114.resized.jpg,200,150,gawang,101,42,171,74
IMG_20181030_195008.resized.jpg,200,150,gawang,124,39,148,54
IMG_20181030_193418.resized.jpg,200,150,gawang,37,23,100,57
IMG_20181030_194709.resized.jpg,200,150,gawang,115,60,140,72
IMG_20181030_214137.resized.jpg,200,150,gawang,12,56,71,85
IMG_20181030_214208.resized.jpg,200,150,gawang,31,48,86,73
IMG_20181030_193228.resized.jpg,200,150,gawang,36,35,126,82
IMG_20181030_194335.resized.jpg,200,150,gawang,49,35,80,52
IMG_20181030_215020.resized.jpg,200,150,gawang,4,28,78,71
IMG_20180927_220841.resized.jpg,200,150,gawang,58,49,113,81
IMG_20180927_221527.resized.jpg,200,150,gawang,23,18,149,134
IMG_20181030_193337.resized.jpg,200,150,gawang,89,35,146,66
IMG_20181030_194206.resized.jpg,200,150,gawang,114,22,150,42
IMG_20181030_194922.resized.jpg,200,150,gawang,106,57,130,70
IMG_20181030_214545.resized.jpg,200,150,gawang,64,39,172,106
IMG_20181030_194648.resized.jpg,200,150,gawang,99,44,124,56
IMG_20181030_193915.resized.jpg,200,150,gawang,102,63,144,84
IMG_20181030_214910.resized.jpg,200,150,gawang,64,13,153,63
IMG_20181030_215110.resized.jpg,200,150,gawang,100,23,159,60
IMG_20181030_213839.resized.jpg,200,150,gawang,146,27,200,75
IMG_20181030_193656.resized.jpg,200,150,gawang,59,49,110,74
IMG_20181030_193220.resized.jpg,200,150,gawang,1,27,84,79
IMG_20181030_194146.resized.jpg,200,150,gawang,53,23,95,48
IMG_20181030_193608.resized.jpg,200,150,gawang,62,24,110,50
IMG_20181030_214322.resized.jpg,200,150,gawang,100,60,145,88
IMG_20181030_193032.resized.jpg,200,150,gawang,46,16,195,132
IMG_20181030_214515.resized.jpg,200,150,gawang,95,54,128,73
IMG_20181030_214348.resized.jpg,200,150,gawang,30,34,78,63
IMG_20181030_215425.resized.jpg,200,150,gawang,61,23,170,87
IMG_20181030_193403.resized.jpg,200,150,gawang,1,19,69,56
IMG_20180927_220727.resized.jpg,200,150,gawang,49,5,200,136
IMG_20180927_221233.resized.jpg,200,150,gawang,64,34,165,115
IMG_20181030_193928.resized.jpg,200,150,gawang,66,49,113,74
IMG_20181030_215009.resized.jpg,200,150,gawang,42,26,117,73
IMG_20180927_221243.resized.jpg,200,150,gawang,66,34,139,123
IMG_20181030_194058.resized.jpg,200,150,gawang,94,55,139,80
IMG_20181030_194239.resized.jpg,200,150,gawang,100,35,132,52
IMG_20181030_214051.resized.jpg,200,150,gawang,124,15,178,49
IMG_20180927_221004.resized.jpg,200,150,gawang,57,46,94,67
IMG_20181030_214553.resized.jpg,200,150,gawang,35,28,155,97
IMG_20180927_220439.resized.jpg,200,150,gawang,52,30,171,108
IMG_20181030_194620.resized.jpg,200,150,gawang,61,42,86,57
IMG_20180927_221056.resized.jpg,200,150,gawang,119,36,162,62
IMG_20181030_194702.resized.jpg,200,150,gawang,111,43,136,54
IMG_20181030_215447.resized.jpg,200,150,gawang,62,43,140,90
IMG_20181030_193236.resized.jpg,200,150,gawang,38,29,129,79
IMG_20181030_193846.resized.jpg,200,150,gawang,100,29,147,55
IMG_20180927_221259.resized.jpg,200,150,gawang,1,15,190,125
IMG_20180927_221353.resized.jpg,200,150,gawang,1,14,181,132
IMG_20181030_193345.resized.jpg,200,150,gawang,119,67,171,98
IMG_20181030_194121.resized.jpg,200,150,gawang,1,40,41,59
IMG_20181030_213739.resized.jpg,200,150,gawang,33,3,150,90
IMG_20181030_214936.resized.jpg,200,150,gawang,119,28,177,67
IMG_20181030_195000.resized.jpg,200,150,gawang,72,34,96,44
IMG_20181030_194208.resized.jpg,200,150,gawang,110,39,144,58
IMG_20181030_214226.resized.jpg,200,150,gawang,129,53,169,74
IMG_20181030_194048.resized.jpg,200,150,gawang,112,46,157,71
IMG_20181030_214210.resized.jpg,200,150,gawang,58,30,113,61
IMG_20180927_220838.resized.jpg,200,150,gawang,62,40,120,74
IMG_20181030_194554.resized.jpg,200,150,gawang,58,38,86,54
IMG_20181030_194250.resized.jpg,200,150,gawang,114,43,146,61
IMG_20181030_194817.resized.jpg,200,150,gawang,78,52,99,63
IMG_20181030_194404.resized.jpg,200,150,gawang,53,52,83,67
IMG_20180927_220932.resized.jpg,200,150,gawang,122,41,161,63
IMG_20180927_220954.resized.jpg,200,150,gawang,82,47,120,67
IMG_20181030_214539.resized.jpg,200,150,gawang,76,25,158,81
IMG_20181030_214912.resized.jpg,200,150,gawang,70,13,152,65
IMG_20181030_214122.resized.jpg,200,150,gawang,55,64,116,96
IMG_20180927_220748.resized.jpg,200,150,gawang,15,9,172,150
IMG_20181030_193848.resized.jpg,200,150,gawang,88,30,133,56
IMG_20181030_215024.resized.jpg,200,150,gawang,8,28,84,73
IMG_20181030_194753.resized.jpg,200,150,gawang,71,34,97,49
IMG_20181030_194343.resized.jpg,200,150,gawang,75,38,103,52
IMG_20181030_194308.resized.jpg,200,150,gawang,69,44,99,59
IMG_20181030_193511.resized.jpg,200,150,gawang,90,37,140,63
IMG_20181030_215055.resized.jpg,200,150,gawang,73,39,150,81
IMG_20181030_213959.resized.jpg,200,150,gawang,86,42,155,91
IMG_20181030_214403.resized.jpg,200,150,gawang,80,39,117,62
IMG_20181030_194426.resized.jpg,200,150,gawang,94,45,120,60
IMG_20180927_221018.resized.jpg,200,150,gawang,96,44,136,66
IMG_20181030_214339.resized.jpg,200,150,gawang,54,25,98,48
IMG_20180927_220942.resized.jpg,200,150,gawang,45,44,85,65
IMG_20180927_220620.resized.jpg,200,150,gawang,75,50,143,91
IMG_20181030_213721.resized.jpg,200,150,gawang,86,1,199,90
IMG_20181030_213830.resized.jpg,200,150,gawang,123,25,175,74
IMG_20181030_193038.resized.jpg,200,150,gawang,77,30,188,132
IMG_20181030_194829.resized.jpg,200,150,gawang,113,33,135,47
IMG_20181030_194839.resized.jpg,200,150,gawang,111,39,134,53
IMG_20180927_221427.resized.jpg,200,150,gawang,1,12,200,129
IMG_20181030_193040.resized.jpg,200,150,gawang,89,36,180,117
IMG_20181030_215353.resized.jpg,200,150,gawang,129,18,200,82
IMG_20181030_214219.resized.jpg,200,150,gawang,105,29,149,53
IMG_20181030_193810.resized.jpg,200,150,gawang,71,31,119,58
IMG_20181030_193509.resized.jpg,200,150,gawang,84,34,138,64
IMG_20181030_214354.resized.jpg,200,150,gawang,75,51,117,74
IMG_20181030_193311.resized.jpg,200,150,gawang,79,37,148,79
IMG_20181030_215403.resized.jpg,200,150,gawang,51,20,191,95
IMG_20180927_220649.resized.jpg,200,150,gawang,76,46,134,79
IMG_20180927_220700.resized.jpg,200,150,gawang,65,38,129,74
IMG_20181030_213753.resized.jpg,200,150,gawang,1,1,200,108
IMG_20181030_214931.resized.jpg,200,150,gawang,101,29,157,66
IMG_20181030_194933.resized.jpg,200,150,gawang,103,62,125,73
IMG_20181030_194902.resized.jpg,200,150,gawang,93,50,116,61
IMG_20181030_214119.resized.jpg,200,150,gawang,65,46,128,83
IMG_20180927_220925.resized.jpg,200,150,gawang,96,29,135,51
IMG_20181030_194805.resized.jpg,200,150,gawang,96,43,120,53
IMG_20181030_193911.resized.jpg,200,150,gawang,105,60,148,82
IMG_20181030_215416.resized.jpg,200,150,gawang,45,26,142,101
IMG_20181030_213955.resized.jpg,200,150,gawang,60,40,135,88
IMG_20181030_193453.resized.jpg,200,150,gawang,108,41,159,69
IMG_20181030_214053.resized.jpg,200,150,gawang,126,15,181,46
IMG_20180927_221330.resized.jpg,200,150,gawang,41,7,160,149
IMG_20181030_194728.resized.jpg,200,150,gawang,106,60,128,74
IMG_20181030_193538.resized.jpg,200,150,gawang,102,43,145,68
IMG_20181030_193107.resized.jpg,200,150,gawang,41,5,169,88
IMG_20181030_193258.resized.jpg,200,150,gawang,74,57,143,109
IMG_20181030_214848.resized.jpg,200,150,gawang,4,17,102,79
IMG_20181030_194630.resized.jpg,200,150,gawang,80,37,104,51
IMG_20180927_220705.resized.jpg,200,150,gawang,27,22,94,57
IMG_20181030_213657.resized.jpg,200,150,gawang,18,1,200,119
IMG_20181030_194329.resized.jpg,200,150,gawang,39,37,69,52
IMG_20181030_213957.resized.jpg,200,150,gawang,84,32,155,80
IMG_20181030_193501.resized.jpg,200,150,gawang,110,34,165,63
IMG_20181030_215107.resized.jpg,200,150,gawang,110,35,170,72
IMG_20181030_193112.resized.jpg,200,150,gawang,75,22,155,76
IMG_20181030_193424.resized.jpg,200,150,gawang,43,27,104,60
IMG_20181030_194014.resized.jpg,200,150,gawang,106,48,150,73
IMG_20181030_193447.resized.jpg,200,150,gawang,121,39,172,69
IMG_20181030_215032.resized.jpg,200,150,gawang,76,29,125,59
IMG_20180927_220521.resized.jpg,200,150,gawang,57,27,150,90
IMG_20181030_194734.resized.jpg,200,150,gawang,58,42,82,54
IMG_20181030_194130.resized.jpg,200,150,gawang,53,31,97,55
IMG_20181030_214337.resized.jpg,200,150,gawang,58,25,100,49
IMG_20180927_221437.resized.jpg,200,150,gawang,12,9,165,110
IMG_20181030_194930.resized.jpg,200,150,gawang,95,59,117,73
IMG_20181030_214341.resized.jpg,200,150,gawang,52,34,98,64
IMG_20180927_221451.resized.jpg,200,150,gawang,72,4,149,117
IMG_20181030_194820.resized.jpg,200,150,gawang,25,57,51,69
IMG_20181030_193422.resized.jpg,200,150,gawang,49,28,107,64
IMG_20180927_220510.resized.jpg,200,150,gawang,42,28,163,95
IMG_20181030_194601.resized.jpg,200,150,gawang,75,42,102,55
IMG_20180927_221447.resized.jpg,200,150,gawang,54,8,160,127
IMG_20181030_193533.resized.jpg,200,150,gawang,121,33,171,61
IMG_20181030_194116.resized.jpg,200,150,gawang,1,25,33,50
IMG_20180927_220852.resized.jpg,200,150,gawang,77,33,127,59
IMG_20181030_193216.resized.jpg,200,150,gawang,15,38,87,82
IMG_20181030_215149.resized.jpg,200,150,gawang,86,41,134,70
IMG_20181030_193058.resized.jpg,200,150,gawang,18,22,152,95
IMG_20181030_194302.resized.jpg,200,150,gawang,65,43,96,59
IMG_20181030_194801.resized.jpg,200,150,gawang,96,42,118,53
IMG_20181030_194739.resized.jpg,200,150,gawang,74,47,99,58
IMG_20181030_214112.resized.jpg,200,150,gawang,99,45,165,81
IMG_20181030_215247.resized.jpg,200,150,gawang,62,17,101,40
IMG_20181030_215049.resized.jpg,200,150,gawang,71,35,128,72
IMG_20180927_221512.resized.jpg,200,150,gawang,15,20,157,117
IMG_20181030_213850.resized.jpg,200,150,gawang,62,29,148,87
IMG_20181030_193126.resized.jpg,200,150,gawang,77,43,149,92
IMG_20181030_195009.resized.jpg,200,150,gawang,95,37,119,49
IMG_20181030_194152.resized.jpg,200,150,gawang,70,24,109,46
IMG_20181030_214508.resized.jpg,200,150,gawang,104,50,142,70
IMG_20180927_220835.resized.jpg,200,150,gawang,103,69,161,106
IMG_20181030_193305.resized.jpg,200,150,gawang,82,38,142,75
IMG_20181030_193148.resized.jpg,200,150,gawang,56,28,159,83
IMG_20180927_220550.resized.jpg,200,150,gawang,58,38,147,88
IMG_20181030_215201.resized.jpg,200,150,gawang,69,51,115,78
IMG_20181030_194610.resized.jpg,200,150,gawang,90,42,115,56
IMG_20181030_214356.resized.jpg,200,150,gawang,83,48,123,71
IMG_20181030_194046.resized.jpg,200,150,gawang,113,43,159,69
